id,username,title,photo
1,rboase1,repurpose synergistic schemas,https://images.freeimages.com/images/small-previews/6df/water-drop-on-leaf-1639205.jpg
2,ilinde2,generate extensible vortals,https://images.freeimages.com/images/small-previews/8d8/8-free-patterns-and-textures-1638605.jpg
3,wdaintier3,synergize sexy technologies,https://images.freeimages.com/images/small-previews/a0c/dancer-jumping-doing-a-tilt-1632059.jpg
4,bclemintoni4,synthesize 24/7 e-tailers,https://images.freeimages.com/images/small-previews/ce3/puppies-1-1308839.jpg
5,srevance5,engineer out-of-the-box bandwidth,https://images.freeimages.com/images/small-previews/006/young-dachshund-1362378.jpg
6,kantonescu6,scale intuitive e-business,https://images.freeimages.com/images/small-previews/20c/my-puppy-maggie-1362787.jpg
7,ccaulfield7,innovate sticky bandwidth,https://images.freeimages.com/images/small-previews/371/swiss-mountains-1362975.jpg
8,tjanton8,mesh B2C web services,https://images.freeimages.com/images/small-previews/bd7/falloxbow-1058032.jpg
9,ntarply9,recontextualize web-enabled ROI,https://images.freeimages.com/images/small-previews/56c/salat-tomato-cheese-on-bread-1322759.jpg
10,nbernardeaua,engineer granular methodologies,https://images.freeimages.com/images/small-previews/7e9/ladybird-1367182.jpg
