id,username,email,first_name,password,biography,picture
2,rboase1,rboase1@edublogs.org,Renado Boase,sz0VHWfAU,productize clicks-and-mortar solutions,https://robohash.org/laborevitaedolore.jpg?size=100x100&set=set1
3,ilinde2,ilinde2@posterous.com,Irene Linde,fb18IXqvsO,embrace ubiquitous methodologies,https://robohash.org/autemmagnamipsum.jpg?size=100x100&set=set1
4,wdaintier3,wdaintier3@comsenz.com,Waring Daintier,mW29txs7kguj,incubate sticky convergence,https://robohash.org/magniiustoexcepturi.png?size=100x100&set=set1
5,bclemintoni4,bclemintoni4@hp.com,Bambie Clemintoni,NurCYpyJUbrT,synergize B2C markets,https://robohash.org/liberodignissimosid.png?size=100x100&set=set1
6,srevance5,srevance5@surveymonkey.com,Sheppard Revance,Pfz0SLxq0T,morph bleeding-edge initiatives,https://robohash.org/cupiditatelaudantiumet.jpg?size=100x100&set=set1
7,kantonescu6,kantonescu6@homestead.com,Keefe Antonescu,v2J2u8P,facilitate extensible e-services,https://robohash.org/nihillaudantiumtempora.bmp?size=100x100&set=set1
8,ccaulfield7,ccaulfield7@narod.ru,Carce Caulfield,VHL1HkAUXu6,optimize turn-key infomediaries,https://robohash.org/animitemporibusaccusantium.bmp?size=100x100&set=set1
9,tjanton8,tjanton8@dailymotion.com,Trista Janton,9E3jYR3H54,scale killer infomediaries,https://robohash.org/necessitatibusfacereet.png?size=100x100&set=set1
10,ntarply9,ntarply9@hud.gov,Nolly Tarply,GKPgxD,syndicate best-of-breed metrics,https://robohash.org/debitissitut.bmp?size=100x100&set=set1
11,nbernardeaua,nbernardeaua@lycos.com,Nicko Bernardeau,4sZUL2SR,reinvent interactive users,https://robohash.org/rerumquidolores.bmp?size=100x100&set=set1
12,fhundeyb,fhundeyb@spotify.com,Fredrick Hundey,eemCy897bJE,recontextualize magnetic e-markets,https://robohash.org/dolorerepellatneque.bmp?size=100x100&set=set1
13,chorneyc,chorneyc@cnbc.com,Chandra Horney,sbMBLo2A6Lu,matrix value-added architectures,https://robohash.org/molestiaeetut.jpg?size=100x100&set=set1
14,tlabusquiered,tlabusquiered@rediff.com,Thurstan Labusquiere,Qd5EwmyOU6,engineer visionary synergies,https://robohash.org/maioresquasasperiores.jpg?size=100x100&set=set1
15,smcinerneye,smcinerneye@apple.com,Sanders McInerney,EVPeSR1E7Si,drive dynamic web services,https://robohash.org/atqueestnon.bmp?size=100x100&set=set1
16,rawdef,rawdef@nba.com,Reagen Awde,38gZbGj,productize value-added markets,https://robohash.org/doloresdoloribuseos.jpg?size=100x100&set=set1
17,echasemoreg,echasemoreg@mayoclinic.com,Edeline Chasemore,h7fePBeL,exploit global metrics,https://robohash.org/etprovidentqui.bmp?size=100x100&set=set1
18,mkensith,mkensith@dmoz.org,Mozelle Kensit,A9gcSV,monetize distributed bandwidth,https://robohash.org/adexcepturitempora.bmp?size=100x100&set=set1
19,echampnessi,echampnessi@marriott.com,Emanuel Champness,Mqn3m0rEj,utilize wireless methodologies,https://robohash.org/quossintqui.png?size=100x100&set=set1
20,rloughmanj,rloughmanj@hhs.gov,Roderigo Loughman,kLuJW2uBvq,unleash integrated eyeballs,https://robohash.org/velitdistinctiovoluptatem.png?size=100x100&set=set1
21,ccoadek,ccoadek@plala.or.jp,Correna Coade,mkMX40CbF4O,generate impactful portals,https://robohash.org/magninisivelit.bmp?size=100x100&set=set1
22,mcalvenl,mcalvenl@independent.co.uk,Mildred Calven,TAYOmQD7FiO,recontextualize visionary solutions,https://robohash.org/perferendisquidemomnis.bmp?size=100x100&set=set1
23,bmillanm,bmillanm@cbsnews.com,Bevan Millan,hFLx3O,cultivate cross-media ROI,https://robohash.org/praesentiumharumsequi.jpg?size=100x100&set=set1
24,tmarchamn,tmarchamn@stanford.edu,Tracy Marcham,ysCoqmi,synthesize B2C e-markets,https://robohash.org/providentnonsimilique.jpg?size=100x100&set=set1
25,dcraiggo,dcraiggo@mapy.cz,Devondra Craigg,Om5Xjy2Y,deliver ubiquitous web services,https://robohash.org/hicquisquamblanditiis.bmp?size=100x100&set=set1
26,sdasentp,sdasentp@wikimedia.org,Sadella Dasent,2axIsKNzoh,streamline interactive users,https://robohash.org/consequaturpossimusveniam.jpg?size=100x100&set=set1
27,lkemeryq,lkemeryq@g.co,Lia Kemery,9rjjxE,strategize dot-com web-readiness,https://robohash.org/suscipitrepellendusveritatis.bmp?size=100x100&set=set1
28,obuttingr,obuttingr@hc360.com,Oberon Butting,s9o0CK23M0,repurpose one-to-one infrastructures,https://robohash.org/rerumremtempora.bmp?size=100x100&set=set1
29,gnoldas,gnoldas@weibo.com,Greggory Nolda,giDNlr9DU,synthesize sexy systems,https://robohash.org/maioresutcorporis.png?size=100x100&set=set1
30,fpurryt,fpurryt@phpbb.com,Filia Purry,mbMipsv4aP,scale B2C users,https://robohash.org/suntidvoluptatem.jpg?size=100x100&set=set1
